{
   "Bases" : 20,
   "data" : [
      [ -104.73403789370043, 39.075424843502894, 4 ],
      [ -105.39123980346659, 39.62119086395073, 3 ],
      [ -102.50891758851191, 38.764707089292216, 2 ],
      [ -102.25855449366315, 38.054071696965991, 3 ],
      [ -102.2445454850069, 37.075993217563251, 5 ],
      [ -102.83405417056477, 39.414115679643174, 4 ],
      [ -105.14801694552787, 40.403179613595448, 5 ],
      [ -103.99625005991955, 40.661110667354016, 4 ],
      [ -108.431484456375, 38.500096178380815, 3 ],
      [ -108.48672841092885, 38.024921035871337, 4 ],
      [ -108.16594828067625, 40.67934473030239, 5 ],
      [ -102.73180550510614, 38.77438976512029, 3 ],
      [ -104.62617642741007, 40.608170745711853, 4 ],
      [ -104.61098296409985, 38.641911375169599, 4 ],
      [ -104.46263706193429, 37.048188895009545, 5 ],
      [ -105.28367595760324, 39.484189327100381, 2 ],
      [ -107.06558466892018, 38.030471452060375, 3 ],
      [ -104.10843754937333, 37.18576242038317, 2 ],
      [ -106.83029029463897, 37.814570138610236, 4 ],
      [ -107.4415141266964, 39.647433116402212, 3 ]
   ]
}
