{
   "Hospitals" : 10,
   "data" : [
      [ -106.43721083013212, 40.895798010703082, 0 ],
      [ -107.37902844016395, 40.501596349990741, 0 ],
      [ -102.54712214858603, 39.569831145261332, 0 ],
      [ -103.07729775322476, 40.721448005978694, 0 ],
      [ -104.85445803909305, 37.927192887723074, 0 ],
      [ -105.45224822613049, 37.274964638182411, 0 ],
      [ -107.79438018370158, 40.430429914701001, 0 ],
      [ -104.28705420824096, 39.530560179860593, 0 ],
      [ -105.68704120753661, 37.76399724593572, 0 ],
      [ -106.96311391189839, 40.455890025690145, 0 ]
   ]
}
