{
   "Hospitals" : 3,
   "data" : [
      [ -104.9912632,39.0,0 ],
      [ -102.04209,36.99302999999999,0 ],
      [-109.05008,41.00066000000002,0]
   ]
}









